first_name,last_name,email,pho ne
Caren,Maraga,cmaraga0@joomla.o rg,31-(763)920-3513
Ianthe,Kerby,ikerby1@xinhuanet .com,7-(611)638-1531
Osbert,Palethorpe,opalethorpe2 @yahoo.com,62-(422)273-0456
Keenan,Drewett,kdrewett3@mlb.c om,55-(826)802-0305
Hilda,Itzkovitch,hitzkovitch4@ issuu.com,351-(784)622-2553
Shaw,Cuell,scuell5@unesco.org, 55-(350)349-7608
Ari,Goligly,agoligly6@g.co,251 -(832)852-7504
Killy,Troucher,ktroucher7@info seek.co.jp,504-(310)260-6149
Novelia,Cutchie,ncutchie8@amaz onaws.com,62-(721)244-4118
Lynsey,Heball,lheball9@hostgat or.com,86-(461)698-0355